{
  "_fv": 43,
  "_type": "recipe",
  "definition": {
    "recipeType": "Brewing",
    "recipeRetstackSize": 1,
    "group": "",
    "cookingBookCategory": "MISC",
    "xpReward": 0.0,
    "cookingTime": 200,
    "craftingBookCategory": "MISC",
    "recipeShapeless": false,
    "brewingInputStack": {
      "value": "Items.MILK_BUCKET"
    },
    "brewingIngredientStack": {
      "value": "Items.DYE#3"
    },
    "brewingReturnStack": {
      "value": "CUSTOM:ChocyMilk"
    },
    "name": "chocy_milk_recipe",
    "namespace": "mod"
  }
}