{
  "_fv": 43,
  "_type": "item",
  "definition": {
    "renderType": 0,
    "texture": "chocy_milk_bucket",
    "customModelName": "Normal",
    "name": "Chocy Milk",
    "rarity": "COMMON",
    "creativeTab": {
      "value": "CUSTOM:QC1Custom"
    },
    "stackSize": 1,
    "enchantability": 0,
    "useDuration": 32,
    "toolType": 1.0,
    "damageCount": 0,
    "recipeRemainder": {
      "value": "Items.BUCKET"
    },
    "destroyAnyBlock": false,
    "immuneToFire": false,
    "stayInGridWhenCrafting": false,
    "damageOnCrafting": false,
    "enableMeleeDamage": false,
    "damageVsEntity": 0.0,
    "specialInfo": [],
    "hasGlow": false,
    "guiBoundTo": "<NONE>",
    "inventorySize": 9,
    "inventoryStackSize": 64,
    "isFood": true,
    "nutritionalValue": 5,
    "saturation": 7.5,
    "eatResultItem": {
      "value": "Items.BUCKET"
    },
    "isMeat": false,
    "isAlwaysEdible": false,
    "animation": "drink"
  }
}