{
  "_fv": 43,
  "_type": "recipe",
  "definition": {
    "recipeType": "Smelting",
    "recipeRetstackSize": 1,
    "group": "",
    "cookingBookCategory": "MISC",
    "xpReward": 3.0,
    "cookingTime": 200,
    "craftingBookCategory": "MISC",
    "recipeShapeless": false,
    "smeltingInputStack": {
      "value": "CUSTOM:RawWandermantium"
    },
    "smeltingReturnStack": {
      "value": "CUSTOM:WandermantiumIngot"
    },
    "name": "raw_wandermantium_ore_smelting_recipe",
    "namespace": "mod"
  }
}