{
  "_fv": 43,
  "_type": "potion",
  "definition": {
    "potionName": "Potion of Wandering",
    "splashName": "Splash Potion of Wandering",
    "lingeringName": "Lingering Potion of Wandering",
    "arrowName": "Arrow of Wandering",
    "effects": [
      {
        "effect": {
          "value": "BLINDNESS"
        },
        "duration": 3600,
        "amplifier": 0,
        "ambient": false,
        "showParticles": true
      },
      {
        "effect": {
          "value": "RESISTANCE"
        },
        "duration": 3600,
        "amplifier": 2,
        "ambient": false,
        "showParticles": true
      }
    ]
  }
}