{
  "_fv": 43,
  "_type": "tool",
  "definition": {
    "renderType": 0,
    "texture": "iron_shovel",
    "customModelName": "Normal",
    "name": "Wandermantium Shovel",
    "specialInfo": [],
    "creativeTab": {
      "value": "CUSTOM:QC1Custom"
    },
    "toolType": "Spade",
    "harvestLevel": 5,
    "efficiency": 10.0,
    "attackSpeed": 1.0,
    "enchantability": 35,
    "damageVsEntity": 6.0,
    "usageCount": 1800,
    "blocksAffected": [],
    "hasGlow": false,
    "repairItems": [
      {
        "value": "CUSTOM:WandermantiumIngot"
      }
    ],
    "immuneToFire": false,
    "stayInGridWhenCrafting": false,
    "damageOnCrafting": false
  }
}