{
  "_fv": 43,
  "_type": "armor",
  "definition": {
    "enableHelmet": true,
    "textureHelmet": "iron_helmet",
    "enableBody": true,
    "textureBody": "iron_chestplate",
    "enableLeggings": true,
    "textureLeggings": "iron_leggings",
    "enableBoots": true,
    "textureBoots": "iron_boots",
    "creativeTab": {
      "value": "CUSTOM:QC1Custom"
    },
    "armorTextureFile": "wandermantium",
    "helmetName": "Wandermantium Helmet",
    "bodyName": "Wandermantium Chestplate",
    "leggingsName": "Wandermantium Leggings",
    "bootsName": "Wandermantium Boots",
    "helmetSpecialInfo": [],
    "bodySpecialInfo": [],
    "leggingsSpecialInfo": [],
    "bootsSpecialInfo": [],
    "helmetModelName": "Default",
    "helmetModelPart": "Helmet",
    "helmetModelTexture": "From armor",
    "bodyModelName": "Default",
    "bodyModelPart": "Body",
    "armsModelPartL": "Arms L",
    "armsModelPartR": "Arms R",
    "bodyModelTexture": "From armor",
    "leggingsModelName": "Default",
    "leggingsModelPartL": "Leggings L",
    "leggingsModelPartR": "Leggings R",
    "leggingsModelTexture": "From armor",
    "bootsModelName": "Default",
    "bootsModelPartL": "Boots L",
    "bootsModelPartR": "Boots R",
    "bootsModelTexture": "From armor",
    "helmetItemRenderType": 0,
    "helmetItemCustomModelName": "Normal",
    "bodyItemRenderType": 0,
    "bodyItemCustomModelName": "Normal",
    "leggingsItemRenderType": 0,
    "leggingsItemCustomModelName": "Normal",
    "bootsItemRenderType": 0,
    "bootsItemCustomModelName": "Normal",
    "helmetImmuneToFire": false,
    "bodyImmuneToFire": false,
    "leggingsImmuneToFire": false,
    "bootsImmuneToFire": false,
    "maxDamage": 38,
    "damageValueHelmet": 5,
    "damageValueBody": 13,
    "damageValueLeggings": 15,
    "damageValueBoots": 5,
    "enchantability": 23,
    "toughness": 0.0,
    "knockbackResistance": 0.0,
    "equipSound": {
      "value": "item.armor.equip_diamond"
    },
    "repairItems": [
      {
        "value": "CUSTOM:WandermantiumIngot"
      }
    ]
  }
}