{
  "schemaVersion": 1,
  "id": "qc_fabric_custom",
  "version": "0.1.0",
  "name": "QC1 Fabric Custom",
  "authors": [
    "Mikey, MCreator"
  ],
  "contact": {
    "homepage": "https://mcreator.net",
    "sources": ""
  },
  "license": "Academic Free License v3.0",
  "environment": "*",
  "entrypoints": {
    "main": [
      "net.mcreator.qcfabriccustom.QcFabricCustomMod"
    ],
    "client": [
      "net.mcreator.qcfabriccustom.ClientInit"
    ]
  },
  "depends": {
    "fabricloader": ">=0.14.9",
    "fabric": "*",
    "minecraft": "~1.19",
    "java": ">=17"
  },
  "mixins": [
    "qc_fabric_custom.mixins.json"
  ]
}